<application>
  <component name="MaterialThemeConfig">
    <option name="compactMenus" value="true" />
    <option name="compactTables" value="true" />
    <option name="compactDropdowns" value="true" />
    <option name="compactSidebar" value="true" />
    <option name="isCompactMenus" value="true" />
    <option name="isCompactTables" value="true" />
    <option name="isWizardShown" value="true" />
    <option name="tabsHeight" value="42" />
    <option name="accentColor" value="416a9b" />
    <option name="selectedTheme" value="NATIVE" />
    <option name="userId" value="7809f172:177b9451695:-8000" />
    <option name="version" value="5.5.0" />
  </component>
</application>