<application>
  <component name="PluginAdvertiserExtensions">
    <option name="localState">
      <map>
        <entry key="*.aj">
          <value>
            <plugin>
              <option name="myPluginId" value="com.intellij.aspectj" />
              <option name="myPluginName" value="AspectJ" />
              <option name="myBundled" value="true" />
            </plugin>
          </value>
        </entry>
        <entry key="*.ane">
          <value>
            <plugin>
              <option name="myPluginId" value="com.intellij" />
              <option name="myPluginName" value="IDEA CORE" />
              <option name="myBundled" value="true" />
            </plugin>
          </value>
        </entry>
        <entry key="*.ant">
          <value>
            <plugin>
              <option name="myPluginId" value="com.intellij" />
              <option name="myPluginName" value="IDEA CORE" />
              <option name="myBundled" value="true" />
            </plugin>
          </value>
        </entry>
        <entry key="*.apk">
          <value>
            <plugin>
              <option name="myPluginId" value="com.intellij" />
              <option name="myPluginName" value="IDEA CORE" />
              <option name="myBundled" value="true" />
            </plugin>
          </value>
        </entry>
        <entry key="*.as">
          <value>
            <plugin>
              <option name="myPluginId" value="JavaScript" />
              <option name="myPluginName" value="JavaScript and TypeScript" />
              <option name="myBundled" value="true" />
            </plugin>
          </value>
        </entry>
        <entry key="*.ats">
          <value>
            <plugin>
              <option name="myPluginId" value="JavaScript" />
              <option name="myPluginName" value="JavaScript and TypeScript" />
              <option name="myBundled" value="true" />
            </plugin>
          </value>
        </entry>
        <entry key="*.bash">
          <value>
            <plugin>
              <option name="myPluginId" value="com.jetbrains.sh" />
              <option name="myPluginName" value="Shell Script" />
              <option name="myBundled" value="true" />
            </plugin>
          </value>
        </entry>
        <entry key="*.bigtiff">
          <value>
            <plugin>
              <option name="myPluginId" value="com.intellij.platform.images" />
              <option name="myPluginName" value="com.intellij.platform.images" />
              <option name="myBundled" value="true" />
            </plugin>
          </value>
        </entry>
        <entry key="*.bmp">
          <value>
            <plugin>
              <option name="myPluginId" value="com.intellij.platform.images" />
              <option name="myPluginName" value="com.intellij.platform.images" />
              <option name="myBundled" value="true" />
            </plugin>
          </value>
        </entry>
        <entry key="*.chm">
          <value>
            <plugin>
              <option name="myPluginId" value="com.intellij" />
              <option name="myPluginName" value="IDEA CORE" />
              <option name="myBundled" value="true" />
            </plugin>
          </value>
        </entry>
        <entry key="*.cjs">
          <value>
            <plugin>
              <option name="myPluginId" value="JavaScript" />
              <option name="myPluginName" value="JavaScript and TypeScript" />
              <option name="myBundled" value="true" />
            </plugin>
          </value>
        </entry>
        <entry key="*.cjsx">
          <value>
            <plugin>
              <option name="myPluginId" value="org.coffeescript" />
              <option name="myPluginName" value="CoffeeScript" />
              <option name="myBundled" value="true" />
            </plugin>
          </value>
        </entry>
        <entry key="*.class">
          <value>
            <plugin>
              <option name="myPluginId" value="com.intellij.java" />
              <option name="myPluginName" value="Java" />
              <option name="myBundled" value="true" />
            </plugin>
          </value>
        </entry>
        <entry key="*.coffee">
          <value>
            <plugin>
              <option name="myPluginId" value="org.coffeescript" />
              <option name="myPluginName" value="CoffeeScript" />
              <option name="myBundled" value="true" />
            </plugin>
          </value>
        </entry>
        <entry key="*.config">
          <value>
            <plugin>
              <option name="myPluginId" value="Lombook Plugin" />
              <option name="myPluginName" value="Lombok" />
              <option name="myBundled" value="true" />
            </plugin>
          </value>
        </entry>
        <entry key="*.cql">
          <value>
            <plugin>
              <option name="myPluginId" value="com.intellij.database" />
              <option name="myPluginName" value="Database Tools and SQL" />
              <option name="myBundled" value="true" />
            </plugin>
          </value>
        </entry>
        <entry key="*.css">
          <value>
            <plugin>
              <option name="myPluginId" value="com.intellij.css" />
              <option name="myPluginName" value="CSS" />
              <option name="myBundled" value="true" />
            </plugin>
          </value>
        </entry>
        <entry key="*.csv">
          <value>
            <plugin>
              <option name="myPluginId" value="com.intellij.database" />
              <option name="myPluginName" value="Database Tools and SQL" />
              <option name="myBundled" value="true" />
            </plugin>
          </value>
        </entry>
        <entry key="*.cvp">
          <value>
            <plugin>
              <option name="myPluginId" value="DevKit" />
              <option name="myPluginName" value="Plugin DevKit" />
              <option name="myBundled" value="true" />
            </plugin>
          </value>
        </entry>
        <entry key="*.dcx">
          <value>
            <plugin>
              <option name="myPluginId" value="com.intellij.platform.images" />
              <option name="myPluginName" value="com.intellij.platform.images" />
              <option name="myBundled" value="true" />
            </plugin>
          </value>
        </entry>
        <entry key="*.ddl">
          <value>
            <plugin>
              <option name="myPluginId" value="com.intellij.database" />
              <option name="myPluginName" value="Database Tools and SQL" />
              <option name="myBundled" value="true" />
            </plugin>
          </value>
        </entry>
        <entry key="*.def">
          <value>
            <plugin>
              <option name="myPluginId" value="org.jetbrains.kotlin" />
              <option name="myPluginName" value="Kotlin" />
            </plugin>
          </value>
        </entry>
        <entry key="*.dependency diagram">
          <value>
            <plugin>
              <option name="myPluginId" value="spy-js" />
              <option name="myPluginName" value="Spy-js" />
              <option name="myBundled" value="true" />
            </plugin>
          </value>
        </entry>
        <entry key="*.dic">
          <value>
            <plugin>
              <option name="myPluginId" value="com.intellij" />
              <option name="myPluginName" value="IDEA CORE" />
              <option name="myBundled" value="true" />
            </plugin>
          </value>
        </entry>
        <entry key="*.diff">
          <value>
            <plugin>
              <option name="myPluginId" value="com.intellij" />
              <option name="myPluginName" value="IDEA CORE" />
              <option name="myBundled" value="true" />
            </plugin>
          </value>
        </entry>
        <entry key="*.doc">
          <value>
            <plugin>
              <option name="myPluginId" value="com.intellij" />
              <option name="myPluginName" value="IDEA CORE" />
              <option name="myBundled" value="true" />
            </plugin>
          </value>
        </entry>
        <entry key="*.dockerfile">
          <value>
            <plugin>
              <option name="myPluginId" value="Docker" />
              <option name="myPluginName" value="Docker" />
              <option name="myBundled" value="true" />
            </plugin>
          </value>
        </entry>
        <entry key="*.docx">
          <value>
            <plugin>
              <option name="myPluginId" value="com.intellij" />
              <option name="myPluginName" value="IDEA CORE" />
              <option name="myBundled" value="true" />
            </plugin>
          </value>
        </entry>
        <entry key="*.drl">
          <value>
            <plugin>
              <option name="myPluginId" value="com.intellij.drools" />
              <option name="myPluginName" value="Drools" />
              <option name="myBundled" value="true" />
            </plugin>
          </value>
        </entry>
        <entry key="*.dtd">
          <value>
            <plugin>
              <option name="myPluginId" value="com.intellij" />
              <option name="myPluginName" value="IDEA CORE" />
              <option name="myBundled" value="true" />
            </plugin>
          </value>
        </entry>
        <entry key="*.ear">
          <value>
            <plugin>
              <option name="myPluginId" value="com.intellij" />
              <option name="myPluginName" value="IDEA CORE" />
              <option name="myBundled" value="true" />
            </plugin>
          </value>
        </entry>
        <entry key="*.egg">
          <value>
            <plugin>
              <option name="myPluginId" value="com.intellij" />
              <option name="myPluginName" value="IDEA CORE" />
              <option name="myBundled" value="true" />
            </plugin>
          </value>
        </entry>
        <entry key="*.elt">
          <value>
            <plugin>
              <option name="myPluginId" value="com.intellij" />
              <option name="myPluginName" value="IDEA CORE" />
              <option name="myBundled" value="true" />
            </plugin>
          </value>
        </entry>
        <entry key="*.ent">
          <value>
            <plugin>
              <option name="myPluginId" value="com.intellij" />
              <option name="myPluginName" value="IDEA CORE" />
              <option name="myBundled" value="true" />
            </plugin>
          </value>
        </entry>
        <entry key="*.es">
          <value>
            <plugin>
              <option name="myPluginId" value="JavaScript" />
              <option name="myPluginName" value="JavaScript and TypeScript" />
              <option name="myBundled" value="true" />
            </plugin>
          </value>
        </entry>
        <entry key="*.es6">
          <value>
            <plugin>
              <option name="myPluginId" value="JavaScript" />
              <option name="myPluginName" value="JavaScript and TypeScript" />
              <option name="myBundled" value="true" />
            </plugin>
          </value>
        </entry>
        <entry key="*.feature">
          <value>
            <plugin>
              <option name="myPluginId" value="gherkin" />
              <option name="myPluginName" value="Gherkin" />
              <option name="myBundled" value="true" />
            </plugin>
          </value>
        </entry>
        <entry key="*.form">
          <value>
            <plugin>
              <option name="myPluginId" value="com.intellij.uiDesigner" />
              <option name="myPluginName" value="UI Designer" />
              <option name="myBundled" value="true" />
            </plugin>
          </value>
        </entry>
        <entry key="*.ft">
          <value>
            <plugin>
              <option name="myPluginId" value="com.intellij.velocity" />
              <option name="myPluginName" value="Velocity" />
              <option name="myBundled" value="true" />
            </plugin>
          </value>
        </entry>
        <entry key="*.ftl">
          <value>
            <plugin>
              <option name="myPluginId" value="com.intellij.freemarker" />
              <option name="myPluginName" value="FreeMarker" />
              <option name="myBundled" value="true" />
            </plugin>
          </value>
        </entry>
        <entry key="*.ftlh">
          <value>
            <plugin>
              <option name="myPluginId" value="com.intellij.freemarker" />
              <option name="myPluginName" value="FreeMarker" />
              <option name="myBundled" value="true" />
            </plugin>
          </value>
        </entry>
        <entry key="*.ftlx">
          <value>
            <plugin>
              <option name="myPluginId" value="com.intellij.freemarker" />
              <option name="myPluginName" value="FreeMarker" />
              <option name="myBundled" value="true" />
            </plugin>
          </value>
        </entry>
        <entry key="*.fxml">
          <value>
            <plugin>
              <option name="myPluginId" value="com.intellij" />
              <option name="myPluginName" value="IDEA CORE" />
              <option name="myBundled" value="true" />
            </plugin>
          </value>
        </entry>
        <entry key="*.gant">
          <value>
            <plugin>
              <option name="myPluginId" value="org.intellij.groovy" />
              <option name="myPluginName" value="Groovy" />
              <option name="myBundled" value="true" />
            </plugin>
          </value>
        </entry>
        <entry key="*.gdsl">
          <value>
            <plugin>
              <option name="myPluginId" value="org.intellij.groovy" />
              <option name="myPluginName" value="Groovy" />
              <option name="myBundled" value="true" />
            </plugin>
          </value>
        </entry>
        <entry key="*.gif">
          <value>
            <plugin>
              <option name="myPluginId" value="com.intellij.platform.images" />
              <option name="myPluginName" value="com.intellij.platform.images" />
              <option name="myBundled" value="true" />
            </plugin>
          </value>
        </entry>
        <entry key="*.gitignore">
          <value>
            <plugin>
              <option name="myPluginId" value="Git4Idea" />
              <option name="myPluginName" value="Git" />
              <option name="myBundled" value="true" />
            </plugin>
          </value>
        </entry>
        <entry key="*.gradle">
          <value>
            <plugin>
              <option name="myPluginId" value="org.intellij.groovy" />
              <option name="myPluginName" value="Groovy" />
              <option name="myBundled" value="true" />
            </plugin>
          </value>
        </entry>
        <entry key="*.groovy">
          <value>
            <plugin>
              <option name="myPluginId" value="org.intellij.groovy" />
              <option name="myPluginName" value="Groovy" />
              <option name="myBundled" value="true" />
            </plugin>
          </value>
        </entry>
        <entry key="*.gson">
          <value>
            <plugin>
              <option name="myPluginId" value="org.intellij.groovy" />
              <option name="myPluginName" value="Groovy" />
              <option name="myBundled" value="true" />
            </plugin>
          </value>
        </entry>
        <entry key="*.gsp">
          <value>
            <plugin>
              <option name="myPluginId" value="org.intellij.grails" />
              <option name="myPluginName" value="Grails" />
              <option name="myBundled" value="true" />
            </plugin>
          </value>
        </entry>
        <entry key="*.gy">
          <value>
            <plugin>
              <option name="myPluginId" value="org.intellij.groovy" />
              <option name="myPluginName" value="Groovy" />
              <option name="myBundled" value="true" />
            </plugin>
          </value>
        </entry>
        <entry key="*.haml">
          <value>
            <plugin>
              <option name="myPluginId" value="org.jetbrains.plugins.haml" />
              <option name="myPluginName" value="Haml" />
              <option name="myBundled" value="true" />
            </plugin>
          </value>
        </entry>
        <entry key="*.har">
          <value>
            <plugin>
              <option name="myPluginId" value="com.intellij" />
              <option name="myPluginName" value="IDEA CORE" />
              <option name="myBundled" value="true" />
            </plugin>
          </value>
        </entry>
        <entry key="*.hgignore">
          <value>
            <plugin>
              <option name="myPluginId" value="hg4idea" />
              <option name="myPluginName" value="Mercurial" />
              <option name="myBundled" value="true" />
            </plugin>
          </value>
        </entry>
        <entry key="*.hlp">
          <value>
            <plugin>
              <option name="myPluginId" value="com.intellij" />
              <option name="myPluginName" value="IDEA CORE" />
              <option name="myBundled" value="true" />
            </plugin>
          </value>
        </entry>
        <entry key="*.htm">
          <value>
            <plugin>
              <option name="myPluginId" value="com.intellij" />
              <option name="myPluginName" value="IDEA CORE" />
              <option name="myBundled" value="true" />
            </plugin>
          </value>
        </entry>
        <entry key="*.html">
          <value>
            <plugin>
              <option name="myPluginId" value="com.intellij" />
              <option name="myPluginName" value="IDEA CORE" />
              <option name="myBundled" value="true" />
            </plugin>
          </value>
        </entry>
        <entry key="*.http">
          <value>
            <plugin>
              <option name="myPluginId" value="com.jetbrains.restClient" />
              <option name="myPluginName" value="HTTP Client" />
              <option name="myBundled" value="true" />
            </plugin>
          </value>
        </entry>
        <entry key="*.icns">
          <value>
            <plugin>
              <option name="myPluginId" value="com.intellij.platform.images" />
              <option name="myPluginName" value="com.intellij.platform.images" />
              <option name="myBundled" value="true" />
            </plugin>
          </value>
        </entry>
        <entry key="*.ico">
          <value>
            <plugin>
              <option name="myPluginId" value="com.intellij.platform.images" />
              <option name="myPluginName" value="com.intellij.platform.images" />
              <option name="myBundled" value="true" />
            </plugin>
          </value>
        </entry>
        <entry key="*.ids">
          <value>
            <plugin>
              <option name="myPluginId" value="com.intellij.database" />
              <option name="myPluginName" value="Database Tools and SQL" />
              <option name="myBundled" value="true" />
            </plugin>
          </value>
        </entry>
        <entry key="*.ignore">
          <value>
            <plugin>
              <option name="myPluginId" value="com.intellij" />
              <option name="myPluginName" value="IDEA CORE" />
              <option name="myBundled" value="true" />
            </plugin>
          </value>
        </entry>
        <entry key="*.ijperf">
          <value>
            <plugin>
              <option name="myPluginId" value="com.jetbrains.performancePlugin" />
              <option name="myPluginName" value="Performance Testing" />
              <option name="myBundled" value="true" />
            </plugin>
          </value>
        </entry>
        <entry key="*.iml">
          <value>
            <plugin>
              <option name="myPluginId" value="com.intellij" />
              <option name="myPluginName" value="IDEA CORE" />
              <option name="myBundled" value="true" />
            </plugin>
          </value>
        </entry>
        <entry key="*.ipr">
          <value>
            <plugin>
              <option name="myPluginId" value="com.intellij" />
              <option name="myPluginName" value="IDEA CORE" />
              <option name="myBundled" value="true" />
            </plugin>
          </value>
        </entry>
        <entry key="*.iws">
          <value>
            <plugin>
              <option name="myPluginId" value="com.intellij" />
              <option name="myPluginName" value="IDEA CORE" />
              <option name="myBundled" value="true" />
            </plugin>
          </value>
        </entry>
        <entry key="*.jar">
          <value>
            <plugin>
              <option name="myPluginId" value="com.intellij" />
              <option name="myPluginName" value="IDEA CORE" />
              <option name="myBundled" value="true" />
            </plugin>
          </value>
        </entry>
        <entry key="*.java">
          <value>
            <plugin>
              <option name="myPluginId" value="com.intellij.java" />
              <option name="myPluginName" value="Java" />
              <option name="myBundled" value="true" />
            </plugin>
          </value>
        </entry>
        <entry key="*.jbig2">
          <value>
            <plugin>
              <option name="myPluginId" value="com.intellij.platform.images" />
              <option name="myPluginName" value="com.intellij.platform.images" />
              <option name="myBundled" value="true" />
            </plugin>
          </value>
        </entry>
        <entry key="*.jfr">
          <value>
            <plugin>
              <option name="myPluginId" value="com.intellij.java" />
              <option name="myPluginName" value="com.intellij.java" />
              <option name="myBundled" value="true" />
            </plugin>
          </value>
        </entry>
        <entry key="*.jhm">
          <value>
            <plugin>
              <option name="myPluginId" value="com.intellij" />
              <option name="myPluginName" value="IDEA CORE" />
              <option name="myBundled" value="true" />
            </plugin>
          </value>
        </entry>
        <entry key="*.jnlp">
          <value>
            <plugin>
              <option name="myPluginId" value="com.intellij" />
              <option name="myPluginName" value="IDEA CORE" />
              <option name="myBundled" value="true" />
            </plugin>
          </value>
        </entry>
        <entry key="*.jpeg">
          <value>
            <plugin>
              <option name="myPluginId" value="com.intellij.platform.images" />
              <option name="myPluginName" value="com.intellij.platform.images" />
              <option name="myBundled" value="true" />
            </plugin>
          </value>
        </entry>
        <entry key="*.jpg">
          <value>
            <plugin>
              <option name="myPluginId" value="com.intellij.platform.images" />
              <option name="myPluginName" value="com.intellij.platform.images" />
              <option name="myBundled" value="true" />
            </plugin>
          </value>
        </entry>
        <entry key="*.jql">
          <value>
            <plugin>
              <option name="myPluginId" value="com.intellij.tasks" />
              <option name="myPluginName" value="Task Management" />
              <option name="myBundled" value="true" />
            </plugin>
          </value>
        </entry>
        <entry key="*.jrxml">
          <value>
            <plugin>
              <option name="myPluginId" value="com.intellij" />
              <option name="myPluginName" value="IDEA CORE" />
              <option name="myBundled" value="true" />
            </plugin>
          </value>
        </entry>
        <entry key="*.js">
          <value>
            <plugin>
              <option name="myPluginId" value="JavaScript" />
              <option name="myPluginName" value="JavaScript and TypeScript" />
              <option name="myBundled" value="true" />
            </plugin>
          </value>
        </entry>
        <entry key="*.js.flow">
          <value>
            <plugin>
              <option name="myPluginId" value="JavaScript" />
              <option name="myPluginName" value="JavaScript and TypeScript" />
              <option name="myBundled" value="true" />
            </plugin>
          </value>
        </entry>
        <entry key="*.js.map">
          <value>
            <plugin>
              <option name="myPluginId" value="JavaScriptDebugger" />
              <option name="myPluginName" value="JavaScript Debugger" />
              <option name="myBundled" value="true" />
            </plugin>
          </value>
        </entry>
        <entry key="*.js2">
          <value>
            <plugin>
              <option name="myPluginId" value="JavaScript" />
              <option name="myPluginName" value="JavaScript and TypeScript" />
              <option name="myBundled" value="true" />
            </plugin>
          </value>
        </entry>
        <entry key="*.jsb2">
          <value>
            <plugin>
              <option name="myPluginId" value="com.intellij" />
              <option name="myPluginName" value="IDEA CORE" />
              <option name="myBundled" value="true" />
            </plugin>
          </value>
        </entry>
        <entry key="*.jsb3">
          <value>
            <plugin>
              <option name="myPluginId" value="com.intellij" />
              <option name="myPluginName" value="IDEA CORE" />
              <option name="myBundled" value="true" />
            </plugin>
          </value>
        </entry>
        <entry key="*.jsf">
          <value>
            <plugin>
              <option name="myPluginId" value="com.intellij.jsp" />
              <option name="myPluginName" value="Java Server Pages (JSP)" />
              <option name="myBundled" value="true" />
            </plugin>
          </value>
        </entry>
        <entry key="*.jshintrc">
          <value>
            <plugin>
              <option name="myPluginId" value="JavaScript" />
              <option name="myPluginName" value="JavaScript and TypeScript" />
              <option name="myBundled" value="true" />
            </plugin>
          </value>
        </entry>
        <entry key="*.json">
          <value>
            <plugin>
              <option name="myPluginId" value="com.intellij" />
              <option name="myPluginName" value="IDEA CORE" />
              <option name="myBundled" value="true" />
            </plugin>
          </value>
        </entry>
        <entry key="*.json5">
          <value>
            <plugin>
              <option name="myPluginId" value="com.intellij" />
              <option name="myPluginName" value="IDEA CORE" />
              <option name="myBundled" value="true" />
            </plugin>
          </value>
        </entry>
        <entry key="*.jsp">
          <value>
            <plugin>
              <option name="myPluginId" value="com.intellij.jsp" />
              <option name="myPluginName" value="Java Server Pages (JSP)" />
              <option name="myBundled" value="true" />
            </plugin>
          </value>
        </entry>
        <entry key="*.jspf">
          <value>
            <plugin>
              <option name="myPluginId" value="com.intellij.jsp" />
              <option name="myPluginName" value="Java Server Pages (JSP)" />
              <option name="myBundled" value="true" />
            </plugin>
          </value>
        </entry>
        <entry key="*.jspx">
          <value>
            <plugin>
              <option name="myPluginId" value="com.intellij.jsp" />
              <option name="myPluginName" value="Java Server Pages (JSP)" />
              <option name="myBundled" value="true" />
            </plugin>
          </value>
        </entry>
        <entry key="*.jsx">
          <value>
            <plugin>
              <option name="myPluginId" value="JavaScript" />
              <option name="myPluginName" value="JavaScript and TypeScript" />
              <option name="myBundled" value="true" />
            </plugin>
          </value>
        </entry>
        <entry key="*.kjsm">
          <value>
            <plugin>
              <option name="myPluginId" value="org.jetbrains.kotlin" />
              <option name="myPluginName" value="Kotlin" />
            </plugin>
          </value>
        </entry>
        <entry key="*.klib">
          <value>
            <plugin>
              <option name="myPluginId" value="com.intellij" />
              <option name="myPluginName" value="IDEA CORE" />
              <option name="myBundled" value="true" />
            </plugin>
          </value>
        </entry>
        <entry key="*.knm">
          <value>
            <plugin>
              <option name="myPluginId" value="org.jetbrains.kotlin" />
              <option name="myPluginName" value="Kotlin" />
            </plugin>
          </value>
        </entry>
        <entry key="*.kotlin_builtins">
          <value>
            <plugin>
              <option name="myPluginId" value="org.jetbrains.kotlin" />
              <option name="myPluginName" value="Kotlin" />
            </plugin>
          </value>
        </entry>
        <entry key="*.kotlin_metadata">
          <value>
            <plugin>
              <option name="myPluginId" value="org.jetbrains.kotlin" />
              <option name="myPluginName" value="Kotlin" />
            </plugin>
          </value>
        </entry>
        <entry key="*.kotlin_module">
          <value>
            <plugin>
              <option name="myPluginId" value="org.jetbrains.kotlin" />
              <option name="myPluginName" value="Kotlin" />
            </plugin>
          </value>
        </entry>
        <entry key="*.kt">
          <value>
            <plugin>
              <option name="myPluginId" value="org.jetbrains.kotlin" />
              <option name="myPluginName" value="Kotlin" />
            </plugin>
          </value>
        </entry>
        <entry key="*.kts">
          <value>
            <plugin>
              <option name="myPluginId" value="org.jetbrains.kotlin" />
              <option name="myPluginName" value="Kotlin" />
            </plugin>
          </value>
        </entry>
        <entry key="*.less">
          <value>
            <plugin>
              <option name="myPluginId" value="org.jetbrains.plugins.less" />
              <option name="myPluginName" value="Less" />
              <option name="myBundled" value="true" />
            </plugin>
          </value>
        </entry>
        <entry key="*.litcoffee">
          <value>
            <plugin>
              <option name="myPluginId" value="org.coffeescript" />
              <option name="myPluginName" value="CoffeeScript" />
              <option name="myBundled" value="true" />
            </plugin>
          </value>
        </entry>
        <entry key="*.markdown">
          <value>
            <plugin>
              <option name="myPluginId" value="org.intellij.plugins.markdown" />
              <option name="myPluginName" value="Markdown" />
              <option name="myBundled" value="true" />
            </plugin>
          </value>
        </entry>
        <entry key="*.md">
          <value>
            <plugin>
              <option name="myPluginId" value="org.intellij.plugins.markdown" />
              <option name="myPluginName" value="Markdown" />
              <option name="myBundled" value="true" />
            </plugin>
          </value>
        </entry>
        <entry key="*.mdb">
          <value>
            <plugin>
              <option name="myPluginId" value="com.intellij" />
              <option name="myPluginName" value="IDEA CORE" />
              <option name="myBundled" value="true" />
            </plugin>
          </value>
        </entry>
        <entry key="*.mf">
          <value>
            <plugin>
              <option name="myPluginId" value="com.intellij.java" />
              <option name="myPluginName" value="Java" />
              <option name="myBundled" value="true" />
            </plugin>
          </value>
        </entry>
        <entry key="*.mjs">
          <value>
            <plugin>
              <option name="myPluginId" value="JavaScript" />
              <option name="myPluginName" value="JavaScript and TypeScript" />
              <option name="myBundled" value="true" />
            </plugin>
          </value>
        </entry>
        <entry key="*.mod">
          <value>
            <plugin>
              <option name="myPluginId" value="com.intellij" />
              <option name="myPluginName" value="IDEA CORE" />
              <option name="myBundled" value="true" />
            </plugin>
          </value>
        </entry>
        <entry key="*.ng">
          <value>
            <plugin>
              <option name="myPluginId" value="com.intellij" />
              <option name="myPluginName" value="IDEA CORE" />
              <option name="myBundled" value="true" />
            </plugin>
          </value>
        </entry>
        <entry key="*.odt">
          <value>
            <plugin>
              <option name="myPluginId" value="com.intellij" />
              <option name="myPluginName" value="IDEA CORE" />
              <option name="myBundled" value="true" />
            </plugin>
          </value>
        </entry>
        <entry key="*.pam">
          <value>
            <plugin>
              <option name="myPluginId" value="com.intellij.platform.images" />
              <option name="myPluginName" value="com.intellij.platform.images" />
              <option name="myBundled" value="true" />
            </plugin>
          </value>
        </entry>
        <entry key="*.patch">
          <value>
            <plugin>
              <option name="myPluginId" value="com.intellij" />
              <option name="myPluginName" value="IDEA CORE" />
              <option name="myBundled" value="true" />
            </plugin>
          </value>
        </entry>
        <entry key="*.pbm">
          <value>
            <plugin>
              <option name="myPluginId" value="com.intellij.platform.images" />
              <option name="myPluginName" value="com.intellij.platform.images" />
              <option name="myBundled" value="true" />
            </plugin>
          </value>
        </entry>
        <entry key="*.pcx">
          <value>
            <plugin>
              <option name="myPluginId" value="com.intellij.platform.images" />
              <option name="myPluginName" value="com.intellij.platform.images" />
              <option name="myBundled" value="true" />
            </plugin>
          </value>
        </entry>
        <entry key="*.pdf">
          <value>
            <plugin>
              <option name="myPluginId" value="com.intellij" />
              <option name="myPluginName" value="IDEA CORE" />
              <option name="myBundled" value="true" />
            </plugin>
          </value>
        </entry>
        <entry key="*.pgm">
          <value>
            <plugin>
              <option name="myPluginId" value="com.intellij.platform.images" />
              <option name="myPluginName" value="com.intellij.platform.images" />
              <option name="myBundled" value="true" />
            </plugin>
          </value>
        </entry>
        <entry key="*.png">
          <value>
            <plugin>
              <option name="myPluginId" value="com.intellij.platform.images" />
              <option name="myPluginName" value="com.intellij.platform.images" />
              <option name="myBundled" value="true" />
            </plugin>
          </value>
        </entry>
        <entry key="*.pnm">
          <value>
            <plugin>
              <option name="myPluginId" value="com.intellij.platform.images" />
              <option name="myPluginName" value="com.intellij.platform.images" />
              <option name="myBundled" value="true" />
            </plugin>
          </value>
        </entry>
        <entry key="*.pom">
          <value>
            <plugin>
              <option name="myPluginId" value="com.intellij" />
              <option name="myPluginName" value="IDEA CORE" />
              <option name="myBundled" value="true" />
            </plugin>
          </value>
        </entry>
        <entry key="*.ppm">
          <value>
            <plugin>
              <option name="myPluginId" value="com.intellij.platform.images" />
              <option name="myPluginName" value="com.intellij.platform.images" />
              <option name="myBundled" value="true" />
            </plugin>
          </value>
        </entry>
        <entry key="*.ppt">
          <value>
            <plugin>
              <option name="myPluginId" value="com.intellij" />
              <option name="myPluginName" value="IDEA CORE" />
              <option name="myBundled" value="true" />
            </plugin>
          </value>
        </entry>
        <entry key="*.pptx">
          <value>
            <plugin>
              <option name="myPluginId" value="com.intellij" />
              <option name="myPluginName" value="IDEA CORE" />
              <option name="myBundled" value="true" />
            </plugin>
          </value>
        </entry>
        <entry key="*.properties">
          <value>
            <plugin>
              <option name="myPluginId" value="com.intellij.properties" />
              <option name="myPluginName" value="Properties" />
              <option name="myBundled" value="true" />
            </plugin>
          </value>
        </entry>
        <entry key="*.psd">
          <value>
            <plugin>
              <option name="myPluginId" value="com.intellij.platform.images" />
              <option name="myPluginName" value="com.intellij.platform.images" />
              <option name="myBundled" value="true" />
            </plugin>
          </value>
        </entry>
        <entry key="*.regexp">
          <value>
            <plugin>
              <option name="myPluginId" value="com.intellij" />
              <option name="myPluginName" value="IDEA CORE" />
              <option name="myBundled" value="true" />
            </plugin>
          </value>
        </entry>
        <entry key="*.rest">
          <value>
            <plugin>
              <option name="myPluginId" value="com.jetbrains.restClient" />
              <option name="myPluginName" value="HTTP Client" />
              <option name="myBundled" value="true" />
            </plugin>
          </value>
        </entry>
        <entry key="*.rgbe">
          <value>
            <plugin>
              <option name="myPluginId" value="com.intellij.platform.images" />
              <option name="myPluginName" value="com.intellij.platform.images" />
              <option name="myBundled" value="true" />
            </plugin>
          </value>
        </entry>
        <entry key="*.rnc">
          <value>
            <plugin>
              <option name="myPluginId" value="com.intellij" />
              <option name="myPluginName" value="IDEA CORE" />
              <option name="myBundled" value="true" />
            </plugin>
          </value>
        </entry>
        <entry key="*.rng">
          <value>
            <plugin>
              <option name="myPluginId" value="com.intellij" />
              <option name="myPluginName" value="IDEA CORE" />
              <option name="myBundled" value="true" />
            </plugin>
          </value>
        </entry>
        <entry key="*.sass">
          <value>
            <plugin>
              <option name="myPluginId" value="org.jetbrains.plugins.sass" />
              <option name="myPluginName" value="Sass" />
              <option name="myBundled" value="true" />
            </plugin>
          </value>
        </entry>
        <entry key="*.scss">
          <value>
            <plugin>
              <option name="myPluginId" value="org.jetbrains.plugins.sass" />
              <option name="myPluginName" value="Sass" />
              <option name="myBundled" value="true" />
            </plugin>
          </value>
        </entry>
        <entry key="*.sh">
          <value>
            <plugin>
              <option name="myPluginId" value="com.jetbrains.sh" />
              <option name="myPluginName" value="Shell Script" />
              <option name="myBundled" value="true" />
            </plugin>
          </value>
        </entry>
        <entry key="*.sht">
          <value>
            <plugin>
              <option name="myPluginId" value="com.intellij" />
              <option name="myPluginName" value="IDEA CORE" />
              <option name="myBundled" value="true" />
            </plugin>
          </value>
        </entry>
        <entry key="*.shtm">
          <value>
            <plugin>
              <option name="myPluginId" value="com.intellij" />
              <option name="myPluginName" value="IDEA CORE" />
              <option name="myBundled" value="true" />
            </plugin>
          </value>
        </entry>
        <entry key="*.shtml">
          <value>
            <plugin>
              <option name="myPluginId" value="com.intellij" />
              <option name="myPluginName" value="IDEA CORE" />
              <option name="myBundled" value="true" />
            </plugin>
          </value>
        </entry>
        <entry key="*.snap">
          <value>
            <plugin>
              <option name="myPluginId" value="JavaScript" />
              <option name="myPluginName" value="JavaScript and TypeScript" />
              <option name="myBundled" value="true" />
            </plugin>
          </value>
        </entry>
        <entry key="*.snippet">
          <value>
            <plugin>
              <option name="myPluginId" value="com.intellij.java" />
              <option name="myPluginName" value="Java" />
              <option name="myBundled" value="true" />
            </plugin>
          </value>
        </entry>
        <entry key="*.sql">
          <value>
            <plugin>
              <option name="myPluginId" value="com.intellij.database" />
              <option name="myPluginName" value="Database Tools and SQL" />
              <option name="myBundled" value="true" />
            </plugin>
          </value>
        </entry>
        <entry key="*.styl">
          <value>
            <plugin>
              <option name="myPluginId" value="org.jetbrains.plugins.stylus" />
              <option name="myPluginName" value="Stylus" />
              <option name="myBundled" value="true" />
            </plugin>
          </value>
        </entry>
        <entry key="*.svg">
          <value>
            <plugin>
              <option name="myPluginId" value="com.intellij.platform.images" />
              <option name="myPluginName" value="com.intellij.platform.images" />
              <option name="myBundled" value="true" />
            </plugin>
          </value>
        </entry>
        <entry key="*.swc">
          <value>
            <plugin>
              <option name="myPluginId" value="com.intellij" />
              <option name="myPluginName" value="IDEA CORE" />
              <option name="myBundled" value="true" />
            </plugin>
          </value>
        </entry>
        <entry key="*.tag">
          <value>
            <plugin>
              <option name="myPluginId" value="com.intellij.jsp" />
              <option name="myPluginName" value="Java Server Pages (JSP)" />
              <option name="myBundled" value="true" />
            </plugin>
          </value>
        </entry>
        <entry key="*.tagf">
          <value>
            <plugin>
              <option name="myPluginId" value="com.intellij.jsp" />
              <option name="myPluginName" value="Java Server Pages (JSP)" />
              <option name="myBundled" value="true" />
            </plugin>
          </value>
        </entry>
        <entry key="*.tagx">
          <value>
            <plugin>
              <option name="myPluginId" value="com.intellij.jsp" />
              <option name="myPluginName" value="Java Server Pages (JSP)" />
              <option name="myBundled" value="true" />
            </plugin>
          </value>
        </entry>
        <entry key="*.tga">
          <value>
            <plugin>
              <option name="myPluginId" value="com.intellij.platform.images" />
              <option name="myPluginName" value="com.intellij.platform.images" />
              <option name="myBundled" value="true" />
            </plugin>
          </value>
        </entry>
        <entry key="*.tif">
          <value>
            <plugin>
              <option name="myPluginId" value="com.intellij.platform.images" />
              <option name="myPluginName" value="com.intellij.platform.images" />
              <option name="myBundled" value="true" />
            </plugin>
          </value>
        </entry>
        <entry key="*.tiff">
          <value>
            <plugin>
              <option name="myPluginId" value="com.intellij.platform.images" />
              <option name="myPluginName" value="com.intellij.platform.images" />
              <option name="myBundled" value="true" />
            </plugin>
          </value>
        </entry>
        <entry key="*.tld">
          <value>
            <plugin>
              <option name="myPluginId" value="com.intellij" />
              <option name="myPluginName" value="IDEA CORE" />
              <option name="myBundled" value="true" />
            </plugin>
          </value>
        </entry>
        <entry key="*.ts">
          <value>
            <plugin>
              <option name="myPluginId" value="JavaScript" />
              <option name="myPluginName" value="JavaScript and TypeScript" />
              <option name="myBundled" value="true" />
            </plugin>
          </value>
        </entry>
        <entry key="*.tsv">
          <value>
            <plugin>
              <option name="myPluginId" value="com.intellij.database" />
              <option name="myPluginName" value="Database Tools and SQL" />
              <option name="myBundled" value="true" />
            </plugin>
          </value>
        </entry>
        <entry key="*.tsx">
          <value>
            <plugin>
              <option name="myPluginId" value="JavaScript" />
              <option name="myPluginName" value="JavaScript and TypeScript" />
              <option name="myBundled" value="true" />
            </plugin>
          </value>
        </entry>
        <entry key="*.txt">
          <value>
            <plugin>
              <option name="myPluginId" value="com.intellij" />
              <option name="myPluginName" value="IDEA CORE" />
              <option name="myBundled" value="true" />
            </plugin>
          </value>
        </entry>
        <entry key="*.uml">
          <value>
            <plugin>
              <option name="myPluginId" value="com.intellij.diagram" />
              <option name="myPluginName" value="UML" />
              <option name="myBundled" value="true" />
            </plugin>
          </value>
        </entry>
        <entry key="*.vm">
          <value>
            <plugin>
              <option name="myPluginId" value="com.intellij.velocity" />
              <option name="myPluginName" value="Velocity" />
              <option name="myBundled" value="true" />
            </plugin>
          </value>
        </entry>
        <entry key="*.vsd">
          <value>
            <plugin>
              <option name="myPluginId" value="com.intellij" />
              <option name="myPluginName" value="IDEA CORE" />
              <option name="myBundled" value="true" />
            </plugin>
          </value>
        </entry>
        <entry key="*.vsl">
          <value>
            <plugin>
              <option name="myPluginId" value="com.intellij.velocity" />
              <option name="myPluginName" value="Velocity" />
              <option name="myBundled" value="true" />
            </plugin>
          </value>
        </entry>
        <entry key="*.wadl">
          <value>
            <plugin>
              <option name="myPluginId" value="com.intellij" />
              <option name="myPluginName" value="IDEA CORE" />
              <option name="myBundled" value="true" />
            </plugin>
          </value>
        </entry>
        <entry key="*.war">
          <value>
            <plugin>
              <option name="myPluginId" value="com.intellij" />
              <option name="myPluginName" value="IDEA CORE" />
              <option name="myBundled" value="true" />
            </plugin>
          </value>
        </entry>
        <entry key="*.wbmp">
          <value>
            <plugin>
              <option name="myPluginId" value="com.intellij.platform.images" />
              <option name="myPluginName" value="com.intellij.platform.images" />
              <option name="myBundled" value="true" />
            </plugin>
          </value>
        </entry>
        <entry key="*.webp">
          <value>
            <plugin>
              <option name="myPluginId" value="com.intellij.platform.images" />
              <option name="myPluginName" value="com.intellij.platform.images" />
              <option name="myBundled" value="true" />
            </plugin>
          </value>
        </entry>
        <entry key="*.wsdd">
          <value>
            <plugin>
              <option name="myPluginId" value="com.intellij" />
              <option name="myPluginName" value="IDEA CORE" />
              <option name="myBundled" value="true" />
            </plugin>
          </value>
        </entry>
        <entry key="*.wsdl">
          <value>
            <plugin>
              <option name="myPluginId" value="com.intellij" />
              <option name="myPluginName" value="IDEA CORE" />
              <option name="myBundled" value="true" />
            </plugin>
          </value>
        </entry>
        <entry key="*.xbm">
          <value>
            <plugin>
              <option name="myPluginId" value="com.intellij.platform.images" />
              <option name="myPluginName" value="com.intellij.platform.images" />
              <option name="myBundled" value="true" />
            </plugin>
          </value>
        </entry>
        <entry key="*.xhtml">
          <value>
            <plugin>
              <option name="myPluginId" value="com.intellij" />
              <option name="myPluginName" value="IDEA CORE" />
              <option name="myBundled" value="true" />
            </plugin>
          </value>
        </entry>
        <entry key="*.xjb">
          <value>
            <plugin>
              <option name="myPluginId" value="com.intellij" />
              <option name="myPluginName" value="IDEA CORE" />
              <option name="myBundled" value="true" />
            </plugin>
          </value>
        </entry>
        <entry key="*.xjsp">
          <value>
            <plugin>
              <option name="myPluginId" value="com.intellij.jsp" />
              <option name="myPluginName" value="Java Server Pages (JSP)" />
              <option name="myBundled" value="true" />
            </plugin>
          </value>
        </entry>
        <entry key="*.xls">
          <value>
            <plugin>
              <option name="myPluginId" value="com.intellij" />
              <option name="myPluginName" value="IDEA CORE" />
              <option name="myBundled" value="true" />
            </plugin>
          </value>
        </entry>
        <entry key="*.xlsx">
          <value>
            <plugin>
              <option name="myPluginId" value="com.intellij" />
              <option name="myPluginName" value="IDEA CORE" />
              <option name="myBundled" value="true" />
            </plugin>
          </value>
        </entry>
        <entry key="*.xml">
          <value>
            <plugin>
              <option name="myPluginId" value="com.intellij" />
              <option name="myPluginName" value="IDEA CORE" />
              <option name="myBundled" value="true" />
            </plugin>
          </value>
        </entry>
        <entry key="*.xpm">
          <value>
            <plugin>
              <option name="myPluginId" value="com.intellij.platform.images" />
              <option name="myPluginName" value="com.intellij.platform.images" />
              <option name="myBundled" value="true" />
            </plugin>
          </value>
        </entry>
        <entry key="*.xsd">
          <value>
            <plugin>
              <option name="myPluginId" value="com.intellij" />
              <option name="myPluginName" value="IDEA CORE" />
              <option name="myBundled" value="true" />
            </plugin>
          </value>
        </entry>
        <entry key="*.xsl">
          <value>
            <plugin>
              <option name="myPluginId" value="com.intellij" />
              <option name="myPluginName" value="IDEA CORE" />
              <option name="myBundled" value="true" />
            </plugin>
          </value>
        </entry>
        <entry key="*.xslt">
          <value>
            <plugin>
              <option name="myPluginId" value="com.intellij" />
              <option name="myPluginName" value="IDEA CORE" />
              <option name="myBundled" value="true" />
            </plugin>
          </value>
        </entry>
        <entry key="*.xul">
          <value>
            <plugin>
              <option name="myPluginId" value="com.intellij" />
              <option name="myPluginName" value="IDEA CORE" />
              <option name="myBundled" value="true" />
            </plugin>
          </value>
        </entry>
        <entry key="*.yaml">
          <value>
            <plugin>
              <option name="myPluginId" value="org.jetbrains.plugins.yaml" />
              <option name="myPluginName" value="YAML" />
              <option name="myBundled" value="true" />
            </plugin>
          </value>
        </entry>
        <entry key="*.yml">
          <value>
            <plugin>
              <option name="myPluginId" value="org.jetbrains.plugins.yaml" />
              <option name="myPluginName" value="YAML" />
              <option name="myBundled" value="true" />
            </plugin>
          </value>
        </entry>
        <entry key="*.zip">
          <value>
            <plugin>
              <option name="myPluginId" value="com.intellij" />
              <option name="myPluginName" value="IDEA CORE" />
              <option name="myBundled" value="true" />
            </plugin>
          </value>
        </entry>
        <entry key="*.zsh">
          <value>
            <plugin>
              <option name="myPluginId" value="com.jetbrains.sh" />
              <option name="myPluginName" value="Shell Script" />
              <option name="myBundled" value="true" />
            </plugin>
          </value>
        </entry>
        <entry key=".babelrc">
          <value>
            <plugin>
              <option name="myPluginId" value="com.intellij" />
              <option name="myPluginName" value="IDEA CORE" />
              <option name="myBundled" value="true" />
            </plugin>
          </value>
        </entry>
        <entry key=".classpath">
          <value>
            <plugin>
              <option name="myPluginId" value="org.jetbrains.idea.eclipse" />
              <option name="myPluginName" value="Eclipse Interoperability" />
              <option name="myBundled" value="true" />
            </plugin>
          </value>
        </entry>
        <entry key=".editorconfig">
          <value>
            <plugin>
              <option name="myPluginId" value="org.editorconfig.editorconfigjetbrains" />
              <option name="myPluginName" value="EditorConfig" />
              <option name="myBundled" value="true" />
            </plugin>
          </value>
        </entry>
        <entry key=".eslintignore">
          <value>
            <plugin>
              <option name="myPluginId" value="com.intellij" />
              <option name="myPluginName" value="IDEA CORE" />
              <option name="myBundled" value="true" />
            </plugin>
          </value>
        </entry>
        <entry key=".eslintrc">
          <value>
            <plugin>
              <option name="myPluginId" value="com.intellij" />
              <option name="myPluginName" value="IDEA CORE" />
              <option name="myBundled" value="true" />
            </plugin>
          </value>
        </entry>
        <entry key=".gitmodules">
          <value>
            <plugin>
              <option name="myPluginId" value="com.intellij" />
              <option name="myPluginName" value="IDEA CORE" />
              <option name="myBundled" value="true" />
            </plugin>
          </value>
        </entry>
        <entry key=".jshintignore">
          <value>
            <plugin>
              <option name="myPluginId" value="com.intellij" />
              <option name="myPluginName" value="IDEA CORE" />
              <option name="myBundled" value="true" />
            </plugin>
          </value>
        </entry>
        <entry key=".node-version">
          <value>
            <plugin>
              <option name="myPluginId" value="com.intellij" />
              <option name="myPluginName" value="IDEA CORE" />
              <option name="myBundled" value="true" />
            </plugin>
          </value>
        </entry>
        <entry key=".npmignore">
          <value>
            <plugin>
              <option name="myPluginId" value="com.intellij" />
              <option name="myPluginName" value="IDEA CORE" />
              <option name="myBundled" value="true" />
            </plugin>
          </value>
        </entry>
        <entry key=".npmrc">
          <value>
            <plugin>
              <option name="myPluginId" value="com.intellij" />
              <option name="myPluginName" value="IDEA CORE" />
              <option name="myBundled" value="true" />
            </plugin>
          </value>
        </entry>
        <entry key=".nvmrc">
          <value>
            <plugin>
              <option name="myPluginId" value="com.intellij" />
              <option name="myPluginName" value="IDEA CORE" />
              <option name="myBundled" value="true" />
            </plugin>
          </value>
        </entry>
        <entry key=".project">
          <value>
            <plugin>
              <option name="myPluginId" value="org.jetbrains.idea.eclipse" />
              <option name="myPluginName" value="Eclipse Interoperability" />
              <option name="myBundled" value="true" />
            </plugin>
          </value>
        </entry>
        <entry key=".springBeans">
          <value>
            <plugin>
              <option name="myPluginId" value="org.jetbrains.idea.eclipse" />
              <option name="myPluginName" value="Eclipse Interoperability" />
              <option name="myBundled" value="true" />
            </plugin>
          </value>
        </entry>
        <entry key=".stylelintignore">
          <value>
            <plugin>
              <option name="myPluginId" value="com.intellij" />
              <option name="myPluginName" value="IDEA CORE" />
              <option name="myBundled" value="true" />
            </plugin>
          </value>
        </entry>
        <entry key=".stylelintrc">
          <value>
            <plugin>
              <option name="myPluginId" value="com.intellij" />
              <option name="myPluginName" value="IDEA CORE" />
              <option name="myBundled" value="true" />
            </plugin>
          </value>
        </entry>
        <entry key=".yarnrc">
          <value>
            <plugin>
              <option name="myPluginId" value="com.intellij" />
              <option name="myPluginName" value="IDEA CORE" />
              <option name="myBundled" value="true" />
            </plugin>
          </value>
        </entry>
        <entry key="Dockerfile">
          <value>
            <plugin>
              <option name="myPluginId" value="Docker" />
              <option name="myPluginName" value="Docker" />
              <option name="myBundled" value="true" />
            </plugin>
          </value>
        </entry>
        <entry key="Dockerfile.fast-jar">
          <value>
            <plugin>
              <option name="myPluginId" value="Docker" />
              <option name="myPluginName" value="Docker" />
              <option name="myBundled" value="true" />
            </plugin>
          </value>
        </entry>
        <entry key="Dockerfile.jlink">
          <value>
            <plugin>
              <option name="myPluginId" value="Docker" />
              <option name="myPluginName" value="Docker" />
              <option name="myBundled" value="true" />
            </plugin>
          </value>
        </entry>
        <entry key="Dockerfile.jvm">
          <value>
            <plugin>
              <option name="myPluginId" value="Docker" />
              <option name="myPluginName" value="Docker" />
              <option name="myBundled" value="true" />
            </plugin>
          </value>
        </entry>
        <entry key="Dockerfile.native">
          <value>
            <plugin>
              <option name="myPluginId" value="Docker" />
              <option name="myPluginName" value="Docker" />
              <option name="myBundled" value="true" />
            </plugin>
          </value>
        </entry>
        <entry key="bowerrc">
          <value>
            <plugin>
              <option name="myPluginId" value="com.intellij" />
              <option name="myPluginName" value="IDEA CORE" />
              <option name="myBundled" value="true" />
            </plugin>
          </value>
        </entry>
        <entry key="exclude">
          <value>
            <plugin>
              <option name="myPluginId" value="Git4Idea" />
              <option name="myPluginName" value="Git" />
              <option name="myBundled" value="true" />
            </plugin>
          </value>
        </entry>
        <entry key="http-client.cookies">
          <value>
            <plugin>
              <option name="myPluginId" value="com.jetbrains.restClient" />
              <option name="myPluginName" value="HTTP Client" />
              <option name="myBundled" value="true" />
            </plugin>
          </value>
        </entry>
        <entry key="jest.config">
          <value>
            <plugin>
              <option name="myPluginId" value="com.intellij" />
              <option name="myPluginName" value="IDEA CORE" />
              <option name="myBundled" value="true" />
            </plugin>
          </value>
        </entry>
        <entry key="jshint.json">
          <value>
            <plugin>
              <option name="myPluginId" value="JavaScript" />
              <option name="myPluginName" value="JavaScript and TypeScript" />
              <option name="myBundled" value="true" />
            </plugin>
          </value>
        </entry>
        <entry key="logback.groovy">
          <value>
            <plugin>
              <option name="myPluginId" value="org.intellij.groovy" />
              <option name="myPluginName" value="Groovy" />
              <option name="myBundled" value="true" />
            </plugin>
          </value>
        </entry>
        <entry key="lombok.config">
          <value>
            <plugin>
              <option name="myPluginId" value="Lombook Plugin" />
              <option name="myPluginName" value="Lombok" />
              <option name="myBundled" value="true" />
            </plugin>
          </value>
        </entry>
        <entry key="maven.config">
          <value>
            <plugin>
              <option name="myPluginId" value="org.jetbrains.idea.maven" />
              <option name="myPluginName" value="Maven" />
              <option name="myBundled" value="true" />
            </plugin>
          </value>
        </entry>
        <entry key="org.codehaus.groovy.runtime.ExtensionModule">
          <value>
            <plugin>
              <option name="myPluginId" value="org.intellij.groovy" />
              <option name="myPluginName" value="Groovy" />
              <option name="myBundled" value="true" />
            </plugin>
          </value>
        </entry>
        <entry key="spring.handlers">
          <value>
            <plugin>
              <option name="myPluginId" value="com.intellij.properties" />
              <option name="myPluginName" value="Properties" />
              <option name="myBundled" value="true" />
            </plugin>
          </value>
        </entry>
        <entry key="spring.schemas">
          <value>
            <plugin>
              <option name="myPluginId" value="com.intellij.properties" />
              <option name="myPluginName" value="Properties" />
              <option name="myBundled" value="true" />
            </plugin>
          </value>
        </entry>
        <entry key="tsconfig.app.json">
          <value>
            <plugin>
              <option name="myPluginId" value="JavaScript" />
              <option name="myPluginName" value="JavaScript and TypeScript" />
              <option name="myBundled" value="true" />
            </plugin>
          </value>
        </entry>
        <entry key="tsconfig.e2e.json">
          <value>
            <plugin>
              <option name="myPluginId" value="JavaScript" />
              <option name="myPluginName" value="JavaScript and TypeScript" />
              <option name="myBundled" value="true" />
            </plugin>
          </value>
        </entry>
        <entry key="tsconfig.json">
          <value>
            <plugin>
              <option name="myPluginId" value="JavaScript" />
              <option name="myPluginName" value="JavaScript and TypeScript" />
              <option name="myBundled" value="true" />
            </plugin>
          </value>
        </entry>
        <entry key="tsconfig.lib.json">
          <value>
            <plugin>
              <option name="myPluginId" value="JavaScript" />
              <option name="myPluginName" value="JavaScript and TypeScript" />
              <option name="myBundled" value="true" />
            </plugin>
          </value>
        </entry>
        <entry key="tsconfig.spec.json">
          <value>
            <plugin>
              <option name="myPluginId" value="JavaScript" />
              <option name="myPluginName" value="JavaScript and TypeScript" />
              <option name="myBundled" value="true" />
            </plugin>
          </value>
        </entry>
        <entry key="yarn.lock">
          <value>
            <plugin>
              <option name="myPluginId" value="JavaScript" />
              <option name="myPluginName" value="JavaScript and TypeScript" />
              <option name="myBundled" value="true" />
            </plugin>
          </value>
        </entry>
      </map>
    </option>
  </component>
  <component name="PluginFeatureService">
    <option name="features">
      <map>
        <entry key="com.intellij.configurationType">
          <value>
            <FeaturePluginsList>
              <option name="featureMap">
                <map>
                  <entry key="#com.intellij.j2ee.web.jsr45.JSR45ConfigurationFactory">
                    <value>
                      <FeaturePluginData displayName="JSR45 Compatible Server" pluginName="Debugger Support for JSP (JSR45)" pluginId="JSR45Plugin" />
                    </value>
                  </entry>
                  <entry key="#com.intellij.j2ee.web.tomcat.TomcatRunConfigurationFactory">
                    <value>
                      <FeaturePluginData displayName="Tomcat Server" pluginName="Tomcat and TomEE" pluginId="Tomcat" />
                    </value>
                  </entry>
                  <entry key="#org.jetbrains.idea.devkit.run.PluginConfigurationType">
                    <value>
                      <FeaturePluginData displayName="Plugin" pluginName="Plugin DevKit" pluginId="DevKit" />
                    </value>
                  </entry>
                  <entry key="AntRunConfiguration">
                    <value>
                      <FeaturePluginData displayName="Ant Target" pluginName="Ant" pluginId="AntSupport" />
                    </value>
                  </entry>
                  <entry key="Application">
                    <value>
                      <FeaturePluginData displayName="Application" pluginName="Java" pluginId="com.intellij.java" />
                    </value>
                  </entry>
                  <entry key="ArquillianJUnit">
                    <value>
                      <FeaturePluginData displayName="Arquillian JUnit" pluginName="com.intellij.jboss.arquillian" pluginId="com.intellij.jboss.arquillian" />
                    </value>
                  </entry>
                  <entry key="ArquillianTestNG">
                    <value>
                      <FeaturePluginData displayName="Arquillian TestNG" pluginName="com.intellij.jboss.arquillian" pluginId="com.intellij.jboss.arquillian" />
                    </value>
                  </entry>
                  <entry key="BatchConfigurationType">
                    <value>
                      <FeaturePluginData displayName="Batch" pluginName="Batch Scripts Support" pluginId="Batch Scripts Support" />
                    </value>
                  </entry>
                  <entry key="ChromiumRemoteDebugType">
                    <value>
                      <FeaturePluginData displayName="Attach to Node.js/Chrome" pluginName="JavaScript Debugger" pluginId="JavaScriptDebugger" />
                    </value>
                  </entry>
                  <entry key="CompoundRunConfigurationType">
                    <value>
                      <FeaturePluginData displayName="Compound" pluginName="IDEA CORE" pluginId="com.intellij" />
                    </value>
                  </entry>
                  <entry key="CucumberJavaRunConfigurationType">
                    <value>
                      <FeaturePluginData displayName="Cucumber Java" pluginName="Cucumber for Java" pluginId="cucumber-java" />
                    </value>
                  </entry>
                  <entry key="DatabaseScript">
                    <value>
                      <FeaturePluginData displayName="Database Script" pluginName="Database Tools and SQL" pluginId="com.intellij.database" />
                    </value>
                  </entry>
                  <entry key="FirefoxRemoteDebugType">
                    <value>
                      <FeaturePluginData displayName="Firefox Remote" pluginName="JavaScript Debugger" pluginId="JavaScriptDebugger" />
                    </value>
                  </entry>
                  <entry key="GlassfishConfiguration">
                    <value>
                      <FeaturePluginData displayName="GlassFish Server" pluginName="GlassFish" pluginId="GlassFish" />
                    </value>
                  </entry>
                  <entry key="GradleRunConfiguration">
                    <value>
                      <FeaturePluginData displayName="Gradle" pluginName="Gradle" pluginId="com.intellij.gradle" />
                    </value>
                  </entry>
                  <entry key="GrailsRunConfigurationType">
                    <value>
                      <FeaturePluginData displayName="Grails" pluginName="Grails" pluginId="org.intellij.grails" />
                    </value>
                  </entry>
                  <entry key="GroovyScriptRunConfiguration">
                    <value>
                      <FeaturePluginData displayName="Groovy" pluginName="Groovy" pluginId="org.intellij.groovy" />
                    </value>
                  </entry>
                  <entry key="HttpClient.HttpRequestRunConfigurationType">
                    <value>
                      <FeaturePluginData displayName="HTTP Request" pluginName="HTTP Client" pluginId="com.jetbrains.restClient" />
                    </value>
                  </entry>
                  <entry key="JBossConfiguration">
                    <value>
                      <FeaturePluginData displayName="JBoss Server" pluginName="WildFly" pluginId="JBoss" />
                    </value>
                  </entry>
                  <entry key="JUnit">
                    <value>
                      <FeaturePluginData displayName="JUnit" pluginName="JUnit" pluginId="JUnit" />
                    </value>
                  </entry>
                  <entry key="JarApplication">
                    <value>
                      <FeaturePluginData displayName="JAR Application" pluginName="Java" pluginId="com.intellij.java" />
                    </value>
                  </entry>
                  <entry key="Java Scratch">
                    <value>
                      <FeaturePluginData displayName="Java Scratch" pluginName="Java" pluginId="com.intellij.java" />
                    </value>
                  </entry>
                  <entry key="JavaScriptNodeJsTraceType">
                    <value>
                      <FeaturePluginData displayName="Spy-js for Node.js" pluginName="Spy-js" pluginId="spy-js" />
                    </value>
                  </entry>
                  <entry key="JavaScriptTestRunnerJest">
                    <value>
                      <FeaturePluginData displayName="Jest" pluginName="JavaScript and TypeScript" pluginId="JavaScript" />
                    </value>
                  </entry>
                  <entry key="JavaScriptTestRunnerProtractor">
                    <value>
                      <FeaturePluginData displayName="Protractor" pluginName="JavaScript and TypeScript" pluginId="JavaScript" />
                    </value>
                  </entry>
                  <entry key="JavaScriptTraceType">
                    <value>
                      <FeaturePluginData displayName="Spy-js" pluginName="Spy-js" pluginId="spy-js" />
                    </value>
                  </entry>
                  <entry key="JavascriptDebugType">
                    <value>
                      <FeaturePluginData displayName="JavaScript Debug" pluginName="JavaScript Debugger" pluginId="JavaScriptDebugger" />
                    </value>
                  </entry>
                  <entry key="JetRunConfigurationType">
                    <value>
                      <FeaturePluginData displayName="Kotlin" pluginName="Kotlin" pluginId="org.jetbrains.kotlin" />
                    </value>
                  </entry>
                  <entry key="JettyConfiguration">
                    <value>
                      <FeaturePluginData displayName="Jetty Server" pluginName="Jetty" pluginId="Jetty" />
                    </value>
                  </entry>
                  <entry key="KotlinJavaScriptTestRunnerProtractor">
                    <value>
                      <FeaturePluginData displayName="Protractor (Kotlin)" pluginName="org.jetbrains.kotlin" pluginId="org.jetbrains.kotlin" />
                    </value>
                  </entry>
                  <entry key="KotlinStandaloneScriptRunConfigurationType">
                    <value>
                      <FeaturePluginData displayName="Kotlin script" pluginName="Kotlin" pluginId="org.jetbrains.kotlin" />
                    </value>
                  </entry>
                  <entry key="MavenRunConfiguration">
                    <value>
                      <FeaturePluginData displayName="Maven" pluginName="Maven" pluginId="org.jetbrains.idea.maven" />
                    </value>
                  </entry>
                  <entry key="MicronautRunConfigurationType">
                    <value>
                      <FeaturePluginData displayName="Micronaut" pluginName="Micronaut" pluginId="com.intellij.micronaut" />
                    </value>
                  </entry>
                  <entry key="NodeJSConfigurationType">
                    <value>
                      <FeaturePluginData displayName="Node.js" pluginName="Node.js" pluginId="NodeJS" />
                    </value>
                  </entry>
                  <entry key="NodeWebKit">
                    <value>
                      <FeaturePluginData displayName="NW.js" pluginName="JavaScript Debugger" pluginId="JavaScriptDebugger" />
                    </value>
                  </entry>
                  <entry key="NodeunitConfigurationType">
                    <value>
                      <FeaturePluginData displayName="Nodeunit" pluginName="Node.js" pluginId="NodeJS" />
                    </value>
                  </entry>
                  <entry key="QuarkusRunConfigurationType">
                    <value>
                      <FeaturePluginData displayName="Quarkus" pluginName="Quarkus" pluginId="com.intellij.quarkus" />
                    </value>
                  </entry>
                  <entry key="ReactNative">
                    <value>
                      <FeaturePluginData displayName="React Native" pluginName="JavaScript Debugger" pluginId="JavaScriptDebugger" />
                    </value>
                  </entry>
                  <entry key="Remote">
                    <value>
                      <FeaturePluginData displayName="Remote JVM Debug" pluginName="Java" pluginId="com.intellij.java" />
                    </value>
                  </entry>
                  <entry key="ShConfigurationType">
                    <value>
                      <FeaturePluginData displayName="Shell Script" pluginName="Shell Script" pluginId="com.jetbrains.sh" />
                    </value>
                  </entry>
                  <entry key="SpringBootApplicationConfigurationType">
                    <value>
                      <FeaturePluginData displayName="Spring Boot" pluginName="Spring Boot" pluginId="com.intellij.spring.boot" />
                    </value>
                  </entry>
                  <entry key="SwaggerCodegen">
                    <value>
                      <FeaturePluginData displayName="Swagger Codegen" pluginName="OpenAPI Specifications" pluginId="com.intellij.swagger" />
                    </value>
                  </entry>
                  <entry key="TSqltConfigurationType">
                    <value>
                      <FeaturePluginData displayName="tSQLt Test" pluginName="Database Tools and SQL" pluginId="com.intellij.database" />
                    </value>
                  </entry>
                  <entry key="TestNG">
                    <value>
                      <FeaturePluginData displayName="TestNG" pluginName="TestNG" pluginId="TestNG-J" />
                    </value>
                  </entry>
                  <entry key="TomeeConfiguration">
                    <value>
                      <FeaturePluginData displayName="TomEE Server" pluginName="Tomcat and TomEE" pluginId="Tomcat" />
                    </value>
                  </entry>
                  <entry key="UtPlSqlConfigurationType">
                    <value>
                      <FeaturePluginData displayName="utPLSQL Test" pluginName="Database Tools and SQL" pluginId="com.intellij.database" />
                    </value>
                  </entry>
                  <entry key="WebLogic Instance">
                    <value>
                      <FeaturePluginData displayName="WebLogic Server" pluginName="WebLogic" pluginId="Weblogic" />
                    </value>
                  </entry>
                  <entry key="WebSphereRunConfigurationType">
                    <value>
                      <FeaturePluginData displayName="WebSphere Server" pluginName="WebSphere" pluginId="WebSphere" />
                    </value>
                  </entry>
                  <entry key="XSLT">
                    <value>
                      <FeaturePluginData displayName="XSLT" pluginName="XPathView + XSLT" pluginId="XPathView" />
                    </value>
                  </entry>
                  <entry key="docker-deploy">
                    <value>
                      <FeaturePluginData displayName="Docker" pluginName="IDEA CORE" pluginId="com.intellij" />
                    </value>
                  </entry>
                  <entry key="js.build_tools.grunt">
                    <value>
                      <FeaturePluginData displayName="Grunt.js" pluginName="JavaScript and TypeScript" pluginId="JavaScript" />
                    </value>
                  </entry>
                  <entry key="js.build_tools.gulp">
                    <value>
                      <FeaturePluginData displayName="Gulp.js" pluginName="JavaScript and TypeScript" pluginId="JavaScript" />
                    </value>
                  </entry>
                  <entry key="js.build_tools.npm">
                    <value>
                      <FeaturePluginData displayName="npm" pluginName="JavaScript and TypeScript" pluginId="JavaScript" />
                    </value>
                  </entry>
                  <entry key="mocha-javascript-test-runner">
                    <value>
                      <FeaturePluginData displayName="Mocha" pluginName="Node.js" pluginId="NodeJS" />
                    </value>
                  </entry>
                </map>
              </option>
            </FeaturePluginsList>
          </value>
        </entry>
        <entry key="com.intellij.facetType">
          <value>
            <FeaturePluginsList>
              <option name="featureMap">
                <map>
                  <entry key="AspectJ">
                    <value>
                      <FeaturePluginData displayName="AspectJ" pluginName="AspectJ" pluginId="com.intellij.aspectj" />
                    </value>
                  </entry>
                  <entry key="JRebel">
                    <value>
                      <FeaturePluginData displayName="JRebel" pluginName="JRebel and XRebel for IntelliJ" pluginId="JRebelPlugin" />
                    </value>
                  </entry>
                  <entry key="Spring">
                    <value>
                      <FeaturePluginData displayName="Spring" pluginName="Spring" pluginId="com.intellij.spring" />
                    </value>
                  </entry>
                  <entry key="WebServicesClient">
                    <value>
                      <FeaturePluginData displayName="WebServices Client" pluginName="Java EE: Web Services (JAX-WS)" pluginId="com.jetbrains.jax.ws" />
                    </value>
                  </entry>
                  <entry key="ejb">
                    <value>
                      <FeaturePluginData displayName="EJB" pluginName="Java EE: Enterprise Java Beans (EJB)" pluginId="com.intellij.javaee.ejb" />
                    </value>
                  </entry>
                  <entry key="hibernate">
                    <value>
                      <FeaturePluginData displayName="Hibernate" pluginName="Hibernate" pluginId="com.intellij.hibernate" />
                    </value>
                  </entry>
                  <entry key="javaeeApplication">
                    <value>
                      <FeaturePluginData displayName="JavaEE Application" pluginName="Java EE Platform" pluginId="com.intellij.javaee" />
                    </value>
                  </entry>
                  <entry key="jpa">
                    <value>
                      <FeaturePluginData displayName="JPA" pluginName="Java EE: Persistence (JPA)" pluginId="com.intellij.javaee.jpa" />
                    </value>
                  </entry>
                  <entry key="kotlin-language">
                    <value>
                      <FeaturePluginData displayName="Kotlin" pluginName="Kotlin" pluginId="org.jetbrains.kotlin" />
                    </value>
                  </entry>
                  <entry key="web">
                    <value>
                      <FeaturePluginData displayName="Web" pluginName="Java EE: Web/Servlets" pluginId="com.intellij.javaee.web" />
                    </value>
                  </entry>
                  <entry key="webservices">
                    <value>
                      <FeaturePluginData displayName="WebServices" pluginName="Java EE: Web Services (JAX-WS)" pluginId="com.jetbrains.jax.ws" />
                    </value>
                  </entry>
                </map>
              </option>
            </FeaturePluginsList>
          </value>
        </entry>
        <entry key="com.intellij.packaging.artifacts.ArtifactType">
          <value>
            <FeaturePluginsList>
              <option name="featureMap">
                <map>
                  <entry key="ear">
                    <value>
                      <FeaturePluginData displayName="JavaEE Application: Archive" pluginName="Java EE Platform" pluginId="com.intellij.javaee" />
                    </value>
                  </entry>
                  <entry key="ejb-jar">
                    <value>
                      <FeaturePluginData displayName="EJB Application: Archive" pluginName="Java EE Platform" pluginId="com.intellij.javaee" />
                    </value>
                  </entry>
                  <entry key="exploded-ear">
                    <value>
                      <FeaturePluginData displayName="JavaEE Application: Exploded" pluginName="Java EE Platform" pluginId="com.intellij.javaee" />
                    </value>
                  </entry>
                  <entry key="exploded-ejb">
                    <value>
                      <FeaturePluginData displayName="EJB Application: Exploded" pluginName="Java EE Platform" pluginId="com.intellij.javaee" />
                    </value>
                  </entry>
                  <entry key="exploded-war">
                    <value>
                      <FeaturePluginData displayName="Web Application: Exploded" pluginName="Java EE Platform" pluginId="com.intellij.javaee" />
                    </value>
                  </entry>
                  <entry key="jar">
                    <value>
                      <FeaturePluginData displayName="JAR" pluginName="Java" pluginId="com.intellij.java" />
                    </value>
                  </entry>
                  <entry key="javafx">
                    <value>
                      <FeaturePluginData displayName="JavaFx application" pluginName="JavaFX" pluginId="org.jetbrains.plugins.javaFX" />
                    </value>
                  </entry>
                  <entry key="javafx-preloader">
                    <value>
                      <FeaturePluginData displayName="JavaFx preloader" pluginName="JavaFX" pluginId="org.jetbrains.plugins.javaFX" />
                    </value>
                  </entry>
                  <entry key="plain">
                    <value>
                      <FeaturePluginData displayName="Other" pluginName="Java" pluginId="com.intellij.java" />
                    </value>
                  </entry>
                  <entry key="war">
                    <value>
                      <FeaturePluginData displayName="Web Application: Archive" pluginName="Java EE Platform" pluginId="com.intellij.javaee" />
                    </value>
                  </entry>
                </map>
              </option>
            </FeaturePluginsList>
          </value>
        </entry>
      </map>
    </option>
  </component>
</application>