<application>
  <component name="AppStorage">
    <histories>
      <item value="initial" />
      <item value="String Redis Serializer" />
    </histories>
    <option name="languageScores">
      <map>
        <entry key="ENGLISH" value="1" />
      </map>
    </option>
  </component>
  <component name="Cache">
    <option name="lastTrimTime" value="1616419196065" />
  </component>
  <component name="Settings">
    <option name="autoPlayTTS" value="true" />
    <option name="autoReplace" value="true" />
    <option name="googleTranslateSettings">
      <google-translate>
        <option name="useTranslateGoogleCom" value="true" />
      </google-translate>
    </option>
    <option name="selectTargetLanguageBeforeReplacement" value="true" />
    <option name="translateDocumentation" value="true" />
    <option name="ttsSource" value="TRANSLATION" />
  </component>
</application>