<keymap version="1" name="Windows copy" parent="$default">
  <action id="$EditorTranslateAction" />
  <action id="$TranslateAndReplaceAction" />
  <action id="$TranslateDocumentationAction">
    <keyboard-shortcut first-keystroke="shift ctrl y" />
  </action>
  <action id="CopyPaths" />
  <action id="DatabaseView.CopyDdlAction">
    <keyboard-shortcut first-keystroke="shift ctrl alt g" />
  </action>
  <action id="Editor TranslateDocumentationAction">
    <keyboard-shortcut first-keystroke="shift ctrl y" />
  </action>
  <action id="OpenCodotaSearch" />
</keymap>